{
    "affinity_pred_value": -1.7319834232330322,
    "affinity_probability_binary": 0.9572522640228271,
    "affinity_pred_value1": -2.4021430015563965,
    "affinity_probability_binary1": 0.9990826845169067,
    "affinity_pred_value2": -1.0618239641189575,
    "affinity_probability_binary2": 0.9154218435287476
}