{
    "confidence_score": 0.7021665573120117,
    "ptm": 0.7481986880302429,
    "iptm": 0.7113551497459412,
    "ligand_iptm": 0.7113551497459412,
    "protein_iptm": 0.0,
    "complex_plddt": 0.6998693943023682,
    "complex_iplddt": 0.6764365434646606,
    "complex_pde": 0.39421772956848145,
    "complex_ipde": 0.8482732772827148,
    "chains_ptm": {
        "0": 0.8679394125938416,
        "1": 0.7257826328277588
    },
    "pair_chains_iptm": {
        "0": {
            "0": 0.8679394125938416,
            "1": 0.5841151475906372
        },
        "1": {
            "0": 0.7113551497459412,
            "1": 0.7257826328277588
        }
    }
}