{
    "affinity_pred_value": -0.3497428894042969,
    "affinity_probability_binary": 0.8744422197341919,
    "affinity_pred_value1": -0.22067296504974365,
    "affinity_probability_binary1": 0.8467766642570496,
    "affinity_pred_value2": -0.4788128137588501,
    "affinity_probability_binary2": 0.902107834815979
}