{
    "confidence_score": 0.9775530099868774,
    "ptm": 0.979537844657898,
    "iptm": 0.9916460514068604,
    "ligand_iptm": 0.9916460514068604,
    "protein_iptm": 0.0,
    "complex_plddt": 0.9740296602249146,
    "complex_iplddt": 0.9773946404457092,
    "complex_pde": 0.2948475480079651,
    "complex_ipde": 0.30012044310569763,
    "chains_ptm": {
        "0": 0.9789171814918518,
        "1": 0.9896975159645081
    },
    "pair_chains_iptm": {
        "0": {
            "0": 0.9789171814918518,
            "1": 0.8836996555328369
        },
        "1": {
            "0": 0.9916460514068604,
            "1": 0.9896975159645081
        }
    }
}