{
    "affinity_pred_value": 0.6048286557197571,
    "affinity_probability_binary": 0.3516067862510681,
    "affinity_pred_value1": 0.479680597782135,
    "affinity_probability_binary1": 0.5597707033157349,
    "affinity_pred_value2": 0.7299767136573792,
    "affinity_probability_binary2": 0.14344288408756256
}