{
    "confidence_score": 0.9603986144065857,
    "ptm": 0.9811513423919678,
    "iptm": 0.926693320274353,
    "ligand_iptm": 0.926693320274353,
    "protein_iptm": 0.0,
    "complex_plddt": 0.9688249230384827,
    "complex_iplddt": 0.8963028788566589,
    "complex_pde": 0.3148723840713501,
    "complex_ipde": 0.7571030855178833,
    "chains_ptm": {
        "0": 0.9850088953971863,
        "1": 0.9057974219322205
    },
    "pair_chains_iptm": {
        "0": {
            "0": 0.9850088953971863,
            "1": 0.642715334892273
        },
        "1": {
            "0": 0.926693320274353,
            "1": 0.9057974219322205
        }
    }
}