{
    "affinity_pred_value": -1.5051013231277466,
    "affinity_probability_binary": 0.9168961048126221,
    "affinity_pred_value1": -2.1827235221862793,
    "affinity_probability_binary1": 0.9958265423774719,
    "affinity_pred_value2": -0.8274791836738586,
    "affinity_probability_binary2": 0.8379656672477722
}