{
    "confidence_score": 0.5966631770133972,
    "ptm": 0.7238154411315918,
    "iptm": 0.6764040589332581,
    "ligand_iptm": 0.6764040589332581,
    "protein_iptm": 0.0,
    "complex_plddt": 0.5767279267311096,
    "complex_iplddt": 0.5400652289390564,
    "complex_pde": 0.41933706402778625,
    "complex_ipde": 1.037563443183899,
    "chains_ptm": {
        "0": 0.8739506006240845,
        "1": 0.7260003089904785
    },
    "pair_chains_iptm": {
        "0": {
            "0": 0.8739506006240845,
            "1": 0.49064064025878906
        },
        "1": {
            "0": 0.6764040589332581,
            "1": 0.7260003089904785
        }
    }
}